﻿VenueCode,VenueName,Address1,Address2
AH,AktivHotel Hochfilzer ,Dorf 34,6352 Ellmau
DB,Hotel Der Bär ,Kirchbichl 9,6352 Ellmau
SP,Sporthotel,Dorf 50,6352 Saltzberg
KB,Kaiserblick,Kirchbichl 5,6352 Ellmau
KH,Kaiserhof,Harmstätt 8,6352 Ellmau
PR,Pension Rainer,Dorf 37,6352 Ellmau
AT,Apparthotel Tom Sojer,Dorf 7,6352 Ellmau
HH,Haus Harmony,Austraße 27,6352 Ellmau
AC,Alpenpension Claudia,Alte Straße 4,6352 Ellmau
LF,Landhotel Föhrenhof,Auwald 44,6352 Ellmau
FL,Ferienappartements Landhof,Weissachgraben 22,6352 Ellmau
AB,Appartementhaus Bambi ,Kirchbichl 49,6352 Ellmau
HA,Hotel Alte Post,Dorf 24,6352 Ellmau
AF,Appartement Fuchs,Dorf 16,6352 Ellmau
