Customer_ID,Customer_forename,Customer_surname,Street_address,City,Zip_code
JS1,Johann,Schmidt,49 Cambridge Road,NOKE,OX3 6LF
SB1,Steffi,Beckenbauer,55 Victoria Road,LITTLE CASTERTON,PE9 7LU
ML1,Maurice,LaPorte,85 Castledore Road,TWYFORD,DE73 0XX
VD1,Venkhat,Dasgupta,97 Front Street,KNOTTING,MK44 9FU
GD1,Gurdeep,Dasgupta,46 Boar Lane,SELSDON,CR2 4TD
JS2,John,Smith,63 Ramsgate Rd,WILLINGTON,MK44 4DD
MJ1,Malcom,Jones,74 Farburn Terrace,LITTLE DUNKELD,PH8 0HY
FH1,Fatima,Hedge,65 George Street,BROXBOURNE,EN10 1JQ
JL1,Jorge,Lopez,43 Old Edinburgh Road,BELL END,DY9 9UE
TL1,Tanjung ,Lu,92 Netherpark Crescent,STEANE,NN13 5JN
AJ1,Alice,Jones,61 South Street,MOLLAND,EX36 5XN
DS1,Daniel,Smalley,43 Long Street,MILLAND MARSH,GU30 6FL
HS1,Hans,Schumacher,38 Roman Rd,LEDMORE,IV27 7YD
JL2,Joy,Lu,70 Brynglas Road,GLENELG,IV40 5HB
SE1,Sally,Evans,86 New Dover Rd,WALCOT,TF6 8WZ
HL1,Hyung-Ju,Lee,29 Carriers Road,CROES-IAN,SA44 8TD
DG1,Diego,Garcia,20 Ross Road,MARTIN DROVE END,SP6 8LD
MV1,Maria,Velasquez,14 Folkestone Road,WIMPSTONE,CV37 5GY
PS1,Pradeep,Sekaran,59 Walwyn Rd,CHARTHAM,CT4 2GH
SK1,Seyon,Khurumoorthy,2 Farburn Terrace,LITTLE DRIFFIELD,YO25 7UT
DF1,David,Ferrarin,31 Brackley Road,TIDDINGTON,OX9 7LW
SJ1,Sarah,Jones,30 Victoria Road,LISSINGTON,LN3 2PZ
RJ1,Rachel,Jackson,45 Manor Close,DITTON PRIORS,WV16 3YH
DC1,Dennis,Chapman,11 Glenurquhart Road,BALLIEMORE,PH16 8QN
MC1,Michael,Chang,66 Great Western Road,LONGWOOD,SY5 4DS
DC2,Daniel,Chua,87 Red Lane,ETTRICKBRIDGE,TD7 7LN
IX1,Ian,Xie,66 Foregate Street,CODDENHAM,IP6 3UU
AB1,Anna,Beaumont,91 Lincoln Green Lane,CHURCH END,AL3 7TY
PE1,Pascal,Emelie,60 Huntly Street,BARNWOOD,GL4 0RQ
BS1,Benedict,Smith,77 Caerfai Bay Road,TETTENHALL,WV6 6DL
NP1,Nicola,Perry,12 Park Avenue,LAWKLAND,LA2 0HU
AT1,Arya,Tandon,20 Maidstone Road,WELLOW,BA2 1GY
KP1,Katherine,Potter,33 Overton Circle,LITTLEOVER,DE23 0SN
SR1,Simone,Roach,26 Chapel Lane,ARLEY,CW9 4NB
JB1,Joshua,Bond,32 Golden Knowes Road,FRADDAM,TR27 8UY
LG1,Lisa,Greenwood,92 Castledore Road,TURWESTON,NN13 4DJ
DK1,David,Khan,59 Roman Rd,LEIDEAG,HS9 3AZ
SS1,Sagar,Singh,66 Union Terrace,LOCHLAIR,DD8 2QW
MK1,Mena,Kaur,30 Wenlock Terrace,PETHAM,CT4 3UR
SS2,Sita,Singh,41 Manor Way,GREAT FRANSHAM,NR19 4EF
JH1,Jessica,Hughes,88 Trinity Crescent,WHALTON,NE61 2JY
MC2,Mollie,Cooke,19 Ramsgate Rd,WILLEY,CV23 2GF
DA1,Dylan,Akhtar,4 Guildford Rd,EAST GRINSTEAD,RH19 4PP
EC1,Ellis,Charlton,98 London Road,COLLISTON,DD11 2RP
TC1,Tom,Cooper,93 Iffley Road,BROAD BLUNSDON,SN2 4QW
LC1,Louise,Conway,81 St Omers Road,HOCKLIFFE,LU7 3LY
MP1,Michael,Phillips,83 Seaford Road,CUTSDEAN,GL54 7LT
AT2,Amber,Turner,96 Layburn Court,TRAFFORD PARK,M17 6SX
TP1,Tilly,Parkinson,84 Grenoble Road,BRIDGE,CT4 0TH
RT1,Ruby,Townsend,67 Terrick Rd,ELLWOOD,GL16 2DU
KJ1,Kieran,Jennings,83 Hendford Hill,MOWDEN,DL3 8ZD
MP2,Matilda,Peters,25 Warner Close,HAWARDEN,CH5 4XL
LH1,Lydia,Hamilton,65 North Road,NETHERHAMPTON,SP2 9FT
AR1,Alexandra,Richards,74 Temple Way,WITHERSFIELD,CB9 2LU
GW1,Grace,Watts,51 Seafield Street,LLANWENOG,SA40 3HD
ER1,Ethan,Rose,98 Kingsway North,HOLMER GREEN,HP15 4AW
ES1,Eleanor,Stone,65 Ballifeary Road,BALLIMORE,FK19 7QH
SH1,Sofia,Holden,68 Red Lane,ETON WICK,SL4 4QT
EW1,Elise,Walters,73 Annfield Rd,BEDALE,DL8 7JF
LH2,Leo,Harris,28 Prince Consort Road,KELTY,KY4 0WU
ES2,Ellis,Saunders,18 Abbey Row,OAKFORD,SA47 2WA
GN1,Gabriel,Noble,75 Canterbury Road,VERWIG,SA43 9ER
SC1,Samantha,Chapman,83 Bath Rd,WOODFORD,SK7 7BL
JO1,Jordan,O'Connor,81 Leicester Road,AVOCH,IV9 4WB
JH2,Jack,Howells,75 Horsefair Green,OLDBURY,WV16 0YR
LW1,Louie,Whitehead,69 Neville Street,HUYTON,L36 6EL
MG1,Millie,Glover,77 Caxton Place,CABRACH,AB54 4TH
OC1,Olivia,Coleman,16 East Street,MARISTOW,PL6 8DU
LB1,Lydia,Bartlett,37 Whatlington Road,COTTERSTOCK,PE8 1QF
AB2,Abbie,Bennett,26 Bootham Crescent,RIGG,DG16 5UE
GO1,Georgina,Owen,29 Golden Knowes Road,FREETHORPE COMMON,NR13 9DP
BH1,Bethany,Hutchinson,9 Abingdon Road,BRASSINGTON,DE4 7ZF
NC1,Noah,Chambers,18 Church Way,BRADFIELD,CO11 8SG
MO1,Maddison,O'Sullivan,86 Trinity Crescent,WHAPLODE DROVE,PE12 2AU
KA1,Kai,Alexander,60 Bootham Crescent,RICKLING GREEN,CB11 6NH
MS1,Max,Stokes,96 Consett Rd,HILLOCKHEAD,AB36 5UN
LL1,Luca,Lee,71 Iolaire Road,NEW INN,SA39 8LD
ET1,Evie,Thornton,9 Balsham Road,HAROLD WOOD,RM3 2FX
IG1,Isabel,Gough,67 Great Western Road,LORDSWOOD,SO16 6GU
AC1,Abby,Clark,90 Scarcroft Road,PORTNACON,IV27 5EF
AF1,Aaliyah,Flynn,76 Dover Road,WESTER QUARFF,ZE2 3RD
RF1,Ryan,Field,49 Hendford Hill,MOUNTSTUART,PA20 3DE
DK2,Daniel,Kaur,29 Farburn Terrace,LITTLE RYBURGH,NR21 4DY
MM1,Mia,Myers,68 Withers Close,ALLERTHORPE,YO4 8QY
MD1,Melissa,Davidson,14 Uxbridge Road,SLAPTON,NN12 3DJ
TM1,Tegan,Mahmood,46 Peachfield Road,CELLARDYKE,KY10 6UZ
MB1,Millie,Baldwin,15 Caerfai Bay Road,THAKEHAM,RH20 8TR
LR1,Leah,Reid,54 Kent Street,CROOK OF DEVON,KY13 7TB
GE1,Georgina,Elliott,64 Trehafod Road,BUCKS HORN OAK,GU10 9XG
AO1,Alisha,Osborne,20 Canterbury Road,VERYAN,TR2 5QX
SA1,Skye,Atkins,69 Seafield Street,LLOYNEY,LD7 2PB
EW2,Elizabeth,Winter,18 Newport Road,CARIE,PH15 3HE
FF1,Finlay,Fuller,44 Kingsway North,HOLMESFIELD,S18 0UX
CV1,Charlie,Vincent,24 Warren St,WEST BRADLEY,BA6 3ZP
KM1,Kate,Mellor,68 Cambridge Road,NOBOTTLE,NN7 4SP
VW1,Victoria,Watkins,80 Southlands Road,PONTNEWYDD,NP44 5LH
JP1,Jay,Palmer,97 Thornton St,HUTTON HENRY,TS27 8BA
CA1,Caitlin,Akhtar,32 Leicester Road,AYLESBURY,HP20 3HA
JW1,Jade,Waters,68 St Maurices Road,PRESTON,TD11 8NJ
RM1,Ruby,Miller,16 Telford Street,BARBARAVILLE,IV18 9XZ
EM1,Erin,Murray,76 Main Road,AUCHINTOUL,AB33 3BA
CS1,Callum,Stephens,87 South Street,MONKSEATON,NE25 4GE
RB1,Ruby,Burrows,57 Whitchurch Road,ELWORTH,CW11 8TE
DL1,Danielle,Leach,54 Merthyr Road,BURLESCOMBE,EX16 5RL
LR2,Lily,Richardson,94 Lairg Road,NEWBIGGIN-BY-THE-SEA,NE64 1HX
SS3,Samantha,Scott,35 Folkestone Road,WILSTHORPE,PE9 8NE
MB2,Maisie,Byrne,37 Petworth Rd,DYFFRYN CELLWEN,SA10 4HW
AB4,Amber,Bevan,84 Roman Rd,LEIGH,SN6 8QW
LP1,Lilly,Potts,20 Nenthead Road,HIGH ONGAR,CM5 5LX
SH2,Sienna,Holland,95 Guild Street,LONDON,E9 3ZR
JH3,Jade,Hobbs,65 Ilchester Road,MURKLE,KW14 2NP
AK1,Aaliyah,Kennedy,16 Malcolm Rd,LLANFARIAN,SY23 7UQ
AC2,Alexandra,Carter,70 Gloucester Road,CLAONEL,IV27 9LQ
YT1,Yasmin,Talbot,19 Cloch Rd,ST PETER PORT,GY1 2YS
RM2,Rhys,Manning,20 Davids Lane,STURTON LE STEEPLE,DN22 1YH
EK1,Eve,Kelly,17 Terrick Rd,EGGINGTON,LU7 8EL
CH1,Charlotte,Hyde,43 Hull Road,PABAIL IARACH,HS2 7BW
EB1,Evie,Barber,61 Front Street,LAGUNA,PH1 6GS
TP2,Tilly,Pollard,79 Quay Street,NEATHAM,GU34 3EY
TS1,Tyler,Skinner,60 Russell Rd,SHIPTON GORGE,DT6 3YL
FD1,Freddie,Doyle,67 Golden Knowes Road,FRITHELSTOCK STONE,EX38 0YF
JK1,Joel,Knight,64 Mounthoolie Lane,SUMMER-HOUSE,DL2 6RX
GH1,Georgia,Henry,35 Seaford Road,CULBONE,TA24 0GN
BP1,Bailey,Poole,64 Crescent Avenue,DUCHALLY,IV27 7LH
MS2,Madison,Schofield,50 Terrick Rd,EGLWYSWRW,SA41 3YU
LV1,Luke,Vincent,37 Whitby Road,DHOWIN,IM7 5YP
RK1,Ruby,Knight,49 Bath Rd,WOLVERCOTE,OX2 9AR
HH1,Hollie,Harrison,65 Merthyr Road,BUNCHREW,IV3 6LA
KG1,Katie,Greenwood,29 Cloch Rd,ST OWEN'S CROSS,HR2 6FZ
AB3,Andrew,Barber,9 Pier Road,STANWELL MOOR,TW19 1PT
HG1,Harrison,Greenwood,39 Lammas Street,GREAT BRADLEY,CB8 7EA
EM2,Ewan,Mills,76 Newport Road,CARGO,CA6 1NW
JC1,Jack,Collier,39 Farburn Terrace,LITTLE MILL,NP4 0ZT
SB2,Sebastian,Bull,32 Felix Lane,SHOSCOMBE,BA2 4FL
CL1,Charlie,Leonard,36 St Denys Road,POUND GREEN,TN22 9AE
JF1,Jake,Fowler,6 Middlewich Road,FLECKNEY,LE8 8PE
CS2,Courtney,Sheppard,86 Spilman Street,GRANTOWN-ON-SPEY,PH26 0GU
FA1,Faith,Allan,28 Town Lane,SOUTH BREWHAM,BA10 6ZP
SI1,Samantha,Ingram,97 Lairg Road,NEWBIGGING,AB3 7DY
JP2,Joseph,Poole,31 Union Terrace,LOLWORTH,CB3 7BQ
EC2,Ella,Cook,38 Botley Road,MIDDLESTONE MOOR,DL16 9GX
GA1,Georgia,Allan,82 Crescent Avenue,DRUMNADROCHIT,IV3 2SD
EC3,Emma,Chadwick,62 Winchester Rd,MID CALDER,EH53 6JF
GB1,Georgina,Bradley,22 Newmarket Road,HEADLESS CROSS,B97 1BZ
CH2,Cerys,Horton,3 York Road,OUSBY,CA10 4RB
AF2,Anthony,Flynn,52 Broomfield Place,STOUR PROVOST,SP8 3BY
WO1,William,O'Brien,15 Lincoln Green Lane,CHURCHGATE STREET,CM17 8ZE
JH4,Jasmine,Hilton,34 Rhosddu Rd,FILLINGHAM,DN21 3RY
NW1,Nathan,Whitehead,4 New Dover Rd,WALFORD,HR9 6JX
