Flight number,Arrival Airport Code,Airport name
AT001,DUB,Dublin Ireland
AT002,DUB,Dublin Ireland
AT003,DUB,Dublin Ireland
AT004,CGK,Soekarno-Hatta International
AT005,CGK,Soekarno-Hatta International
AT006,SIN,Singapore Changi International
AT007,SIN,Singapore Changi International
AT008,PEK,Beijing
AT009,PEK,Beijing
AT010,AMS,Amsterdam-Schiphol
AT011,AMS,Amsterdam-Schiphol
AT013,MAD,Madrid
AT014,MAD,Madrid
AT015,ORY,Paris Orly
AT016,ORY,Paris Orly
AT017,DUB,Dublin Ireland
AT018,CGK,Soekarno-Hatta International
AT019,CGK,Soekarno-Hatta International
AT020,SIN,Singapore Changi International
AT021,SIN,Singapore Changi International
AT022,PEK,Beijing
AT023,PEK,Beijing
AT024,COZ,Cozumel
AT025,COZ,Cozumel
AT029,HKG,Hong Kong
AT030,HKG,Hong Kong
AT031,HKG,Hong Kong
AT032,HKG,Hong Kong
AT033,ATL,Atlanta
AT034,ATL,Atlanta
AT043,DUB,Dublin Ireland
AT044,DUB,Dublin Ireland
AT059,HKG,Hong Kong
AT060,HKG,Hong Kong
AT061,HKG,Hong Kong
AT062,HKG,Hong Kong
AT063,ATL,Atlanta
AT064,ATL,Atlanta
