Payroll number of employees who are air crew,Forename,Surname,Crew code,Long service
AT00001,Henry,Gale,AC2,0
AT00002,Kurtis,Brown,AC20,-1
AT00003,Clemantine,Leadbetter,AC18,0
AT00004,Christine,Hull,AC21,-1
AT00007,Karla,Greenhalgh,AC19,-1
AT00008,Fred,Pooley,AC11,0
AT00011,Ben,Chalmers,AC1,0
AT00014,Christopher,Lewis,AC13,0
AT00016,Rio,Patel,AC19,-1
AT00017,Ruksana,Gopaul,AC6,0
AT00018,Angela,Akula,AC6,0
AT00021,Udoka,Onyancha,AC5,-1
AT00022,Billy,Green,AC3,0
AT00027,Wesley,Smith,AC18,-1
AT00028,Wally,Weston,AC13,-1
AT00029,Trevor,Jones,AC2,-1
AT00030,Jasmine,Gunn,AC17,0
AT00033,Brian,Wells,AC2,0
AT00034,Ieuan,Williams,AC6,-1
AT00037,John,Vercoe,AC11,0
AT00038,Lauren,Hall,AC10,-1
AT00040,Chloe,Rhodes,AC8,0
AT00042,Owen,Williams,AC13,0
AT00044,Lotte,Charles,AC3,0
AT00045,Jeannie,Burke,AC18,-1
AT00046,Jimmy,Lee,AC6,0
AT00047,Dawid,Jones,AC2,0
AT00048,Li Sun,Wu,AC1,0
AT00053,Charlotte,Watson,AC3,0
AT00058,Joe,Norfolk,AC5,0
AT00059,Joanne,Floyd,AC14,0
AT00060,Anthony,Campbell,AC3,0
AT00062,Linda,Stuart,AC11,-1
AT00064,Kate,Smith,AC5,0
AT00065,Sam,Smith,AC1,-1
AT00066,Duncan,Rydell,AC2,-1
AT00067,Tony,Thomson,AC7,0
AT00069,Dougie,Ryder,AC20,-1
AT00070,David,Reid,AC13,-1
AT00073,Laura,Macdonald,AC6,-1
AT00079,Jenna,Hoy,AC5,0
AT00080,Zachary,Brown,AC5,0
AT00085,Steve,Walsom,AC12,-1
AT00086,Krystal,Read,AC3,0
AT00087,Becci,Yeung,AC1,-1
AT00088,Lucy,Purton,AC11,0
AT00089,Naomi,Murray,AC21,0
AT00090,Bex,Young,AC21,0
AT00091,Loiuse,Baiardo,AC7,-1
AT00092,Colin,Clark,AC20,0
AT00093,Lauren,Ross,AC4,0
AT00094,Kieran,Kelly,AC11,-1
AT00096,Jane,Morrison,AC18,0
AT00097,Natasha,Paterson,AC14,-1
AT00101,Yo-Yo,Chong,AC16,-1
AT00102,Si Ma,Zhang,AC13,-1
AT00103,Mao,Cheng,AC10,0
AT00104,Liu,Teo,AC21,0
AT00105,Min,Wang,AC5,-1
AT00106,Yi,Zhang,AC8,0
AT00107,Lan,Cheung,AC8,-1
AT00111,Wai Wai Hnin,Su,AC5,0
AT00118,Daniu,Chan,AC4,0
AT00121,Li,Gow,AC8,0
AT00122,Fang,Lim,AC17,-1
AT00123,Lei,Xu,AC4,0
AT00124,Li,Oon,AC16,0
AT00126,Vishnu,Patel,AC20,0
AT00127,Fang,Hu,AC7,0
AT00128,Mei-Mei,Sun,AC21,0
AT00131,Cindy,Brown,AC1,0
AT00134,Tally,Telfer,AC7,0
AT00139,Steve,Brown,AC14,-1
AT00140,Stuart,Guttermann,AC3,0
AT00144,Karl,Bloomsfeld,AC12,-1
AT00145,Tanon,Bridges,AC1,-1
AT00150,Jayden,Anderson,AC13,0
AT00152,Alejandro,Jackson,AC7,-1
AT00153,Moshe,Harris,AC2,-1
AT00154,Joshua,Bui,AC20,-1
AT00156,Lois,Thomas,AC21,0
AT00157,Elijah,Arnott,AC14,0
AT00158,Kevin,White,AC3,-1
AT00162,Bruce,Warne,AC8,0
AT00163,Shane,Williams,AC19,-1
AT00165,Vishnu,Das,AC2,-1
AT00166,James,O'Brien,AC8,0
AT00167,Jimmy,O'Brien,AC20,-1
AT00168,Paulo,Villa,AC4,-1
AT00172,Aaron,Peeters,AC3,-1
AT00175,Peter,Barcot,AC8,0
AT00176,Dragos,Jovanovic,AC17,0
AT00184,Jan,Trojacek,AC4,0
AT00185,David,Becker,AC19,0
AT00189,Pablo,Castro,AC18,0
AT00190,David,Silva,AC1,0
AT00191,Shahad,Sharreif,AC4,0
AT00194,Salah,Farhat,AC20,-1
AT00198,Abdul,Mansoor,AC5,0
AT00199,Mohammed,Abdullahi,AC14,-1
AT00200,Sandy,Ali,AC6,-1
AT00202,Salma Abdulrahman Ahmed Ba,Hubaishi,AC10,0
AT00203,Khaled Aly,Elhalawany,AC6,-1
AT00204,Sara Mansoor,Khan,AC7,0
AT00205,Zainah,Adwan,AC17,0
AT00206,Hossam Ahmed,Badawy,AC12,-1
AT00207,Michael Maged,Lewis,AC16,0
AT00208,Mohab Mohamed,Abdelmeged,AC14,0
AT00209,Mohammed Danish,Malik,AC4,-1
AT00210,Mohamed Elmohamadi,Elsayed,AC10,-1
AT00211,Mohamed Hazem,Bassiony,AC16,-1
AT00212,Sonja,Steinle,AC5,0
AT00213,Mohamed Khaled,Aly,AC8,0
AT00214,Mohammed Khaled,Adel,AC1,-1
AT00215,Misha,Laeeq,AC6,0
AT00216,Phanteera,Sawangnetr,AC18,0
AT00217,Mali,Boonliang,AC17,-1
AT00218,Aran,Mookjai,AC8,-1
AT00219,Phueng,Montri,AC8,-1
AT00220,Justin,Brooklands,AC3,-1
AT00221,Isra,Wattanapanit,AC16,0
AT00222,Chanarong,Willapana,AC13,-1
AT00223,Phailin,Suramongkol,AC7,0
AT00224,Som,Saowaluk,AC20,-1
AT00226,Ratana,Wattana,AC3,-1
AT00227,Kamol,Supitayaporn,AC17,0
AT00229,Mongkut,Sintawichai,AC20,0
AT00230,Tasanee,Wattana,AC1,0
AT00231,Kanya,Charoenkul,AC6,0
AT00232,Rajesh Mansi,Raval,AC4,0
AT00242,William,Davis,AC21,-1
AT00244,Emma,Jones,AC4,0
AT00249,Liam,Williams,AC7,0
AT00251,Olivia,Murphy,AC2,-1
AT00252,Addy,Gomez,AC12,-1
AT00257,Aiden,Miller,AC8,0
AT00258,Luis,Hernandez,AC14,0
AT00259,Martina,Martinez,AC8,-1
AT00260,Ethan,Smith,AC10,-1
AT00261,Adi,Gunawardena,AC12,-1
AT00262,Logan,Jackson,AC4,0
AT00263,Arnav,Ranatunga,AC7,-1
AT00264,Ananya,Perera,AC7,0
AT00266,Vihaan,De Silva,AC19,-1
AT00267,Saanvi,Jayasuriya,AC19,0
AT00268,Khushi,Gunawardena,AC7,0
AT00271,Chaka,Grau,AC10,-1
AT00272,Pablo,Castro,AC6,-1
AT00274,Mohammed,Habib,AC11,-1
AT00275,Miguel,Du Bois,AC12,-1
AT00276,Arthur,Acquarone,AC4,0
AT00277,Lucas,Ferreira,AC1,0
AT00278,Dylan,Borges,AC5,0
AT00279,Davi,Jayme,AC20,0
AT00281,Saniago,D'Silva,AC2,-1
AT00282,Sofia,Mean,AC2,-1
